{
    "images":["img/cards.png"],
    "frames":[
		[158, 492, 79, 123],
		[0, 492, 79, 123],
		
		[0, 0, 79, 123],
		[0, 79, 79, 123],
		[0, 158, 79, 123],
		[0, 237, 79, 123],
		[0, 316, 79, 123],
		[0, 395, 79, 123],
		[0, 474, 79, 123],
		[0, 553, 79, 123],
		[0, 632, 79, 123],
		[0, 711, 79, 123],
		[0, 790, 79, 123],
		[0, 869, 79, 123],
		[0, 948, 79, 123]
    ],
    "animations":{
		
		"backCard":{
            "frames":[0]
        },
		
		"emptyCard":{
            "frames":[1]
        },
		
		"one":{
            "frames":[2]
        }
    }
}


